{
  "hash": "2fd82cbd",
  "configHash": "6c730d5d",
  "lockfileHash": "6f78898e",
  "browserHash": "89c1ba21",
  "optimized": {
    "vue": {
      "src": "../../../../node_modules/vue/dist/vue.runtime.esm-bundler.js",
      "file": "vue.js",
      "fileHash": "08da33b0",
      "needsInterop": false
    },
    "vitepress > @vue/devtools-api": {
      "src": "../../../../node_modules/@vue/devtools-api/dist/index.js",
      "file": "vitepress___@vue_devtools-api.js",
      "fileHash": "80ae54d2",
      "needsInterop": false
    },
    "vitepress > @vueuse/core": {
      "src": "../../../../node_modules/@vueuse/core/index.mjs",
      "file": "vitepress___@vueuse_core.js",
      "fileHash": "a68f3404",
      "needsInterop": false
    }
  },
  "chunks": {
    "chunk-TGLERUJR": {
      "file": "chunk-TGLERUJR.js"
    }
  }
}